UniProt_id	DisProt_id	term_id	ec_id	start	end	sequence_length
P03265	DP00003	00002	00130	294	334	529
P03045	DP00005	00021	00096	1	107	107
P03045	DP00005	00021	00120	1	107	107
P03045	DP00005	00017	00128	1	107	107
P03045	DP00005	00008	00128	1	107	107
P27695	DP00007	00011	00130	1	42	318
P32774	DP00009	00002	00130	89	104	122
P0DMM9	DP00011	00002	00130	63	76	295
P13569	DP00012	00025	00082	708	831	1480
P13569	DP00012	00025	00096	708	831	1480
P13569	DP00012	00025	00096	708	831	1480
P13569	DP00012	00025	00121	654	838	1480
P0DN86	DP00013	00028	00130	132	165	165
P61926	DP00015	00025	00112	1	76	76
P61926	DP00015	00018	00112	1	76	76
P61926	DP00015	00025	00096	1	76	76
P61926	DP00015	00018	00096	1	76	76
P49918	DP00017	00017	00096	1	316	316
P49918	DP00017	00017	00100	1	316	316
P49918	DP00017	00017	00096	27	97	316
P49918	DP00017	00017	00100	27	97	316
P46527	DP00018	00018	00096	1	198	198
P46527	DP00018	00018	00121	25	90	198
P46527	DP00018	00002	00121	38	59	198
P46527	DP00018	00011	00125	105	198	198
P46527	DP00018	00011	00121	105	198	198
P11938	DP00020	00002	00120	1	123	827
P11938	DP00020	00002	00120	210	359	827
P11938	DP00020	00002	00120	210	359	827
P11938	DP00020	00002	00130	481	511	827
P11938	DP00020	00002	00130	594	674	827
P11938	DP00020	00002	00130	594	674	827
P03129	DP00024	00018	00130	21	30	98
P14738	DP00025	00012	00096	746	858	1018
P14738	DP00025	00012	00120	745	874	1018
P06179	DP00026	00047	00096	455	494	495
P06179	DP00026	00047	00085	1	65	495
P06179	DP00026	00047	00085	455	494	495
P06179	DP00026	00047	00096	1	65	495
P26477	DP00027	00018	00120	41	97	97
Q13541	DP00028	00025	00120	1	55	118
Q13541	DP00028	00026	00120	1	55	118
Q13541	DP00028	00025	00120	84	118	118
Q07731	DP00029	00001	00130	77	112	211
P04150	DP00030	00021	00085	77	262	777
P04150	DP00030	00025	00085	77	262	777
P04150	DP00030	00021	00097	77	262	777
P04150	DP00030	00025	00097	77	262	777
P13255	DP00031	00002	00130	27	36	293
P13255	DP00031	00002	00130	27	36	293
P13255	DP00031	00002	00130	27	36	293
P10912	DP00033	00011	00096	270	620	638
P10912	DP00033	00011	00121	270	620	638
Q9Y9L0	DP00037	00002	00130	197	250	250
P05204	DP00039	00017	00096	1	90	90
P05204	DP00039	00009	00096	1	90	90
P05204	DP00039	00025	00096	1	90	90
P05204	DP00039	00026	00096	1	90	90
P05204	DP00039	00017	00125	1	90	90
P05204	DP00039	00009	00125	1	90	90
P05204	DP00039	00025	00125	1	90	90
P05204	DP00039	00026	00125	1	90	90
P05204	DP00039	00017	00112	1	90	90
P05204	DP00039	00009	00112	1	90	90
P05204	DP00039	00025	00112	1	90	90
P05204	DP00039	00026	00112	1	90	90
P17096	DP00040	00022	00127	80	89	107
P17096	DP00040	00025	0053	51	55	107
P17096	DP00040	00025	0053	76	80	107
P17096	DP00040	00025	0414	100	105	107
P17096	DP00040	00034	0943	6	11	107
P17096	DP00040	00008	0363	1	107	107
P17096	DP00040	00017	0363	1	107	107
P17096	DP00040	00008	00083	1	107	107
P17096	DP00040	00017	0413	1	107	107
P17096	DP00040	00017	0413	63	73	107
P17096	DP00040	00002	00120	70	80	107
P17096	DP00040	00021	0256	1	107	107
P17096	DP00040	00026	0517	69	73	107
P17096	DP00040	00026	0517	63	67	107
P07746	DP00041	00008	00096	1	204	204
P07746	DP00041	00008	00120	1	204	204
P02315	DP00042	00009	00120	1	70	70
P02259	DP00044	00026	00085	1	21	190
P02259	DP00044	00025	00085	1	21	190
P02259	DP00044	00027	00085	1	21	190
P02687	DP00047	00008	00096	1	169	169
P02687	DP00047	00008	00096	1	169	169
P03406	DP00048	00002	00120	148	178	206
P03406	DP00048	00008	00130	58	77	206
P03406	DP00048	00001	00130	58	77	206
P03406	DP00048	00002	00130	149	178	206
P03406	DP00048	00008	00120	2	57	206
P03406	DP00048	00001	00120	148	180	206
P03406	DP00048	00002	00120	148	180	206
P03406	DP00048	00002	00092	146	184	206
P03406	DP00048	00001	00092	146	184	206
P03406	DP00048	00008	00092	1	83	206
P07214	DP00052	00035	00096	18	302	302
P27001	DP00053	00002	00130	1	84	350
P19793	DP00062	00008	00120	169	189	462
P19793	DP00062	00008	00120	178	187	462
Q57733	DP00067	00035	00130	1	32	147
Q57733	DP00067	00038	00130	1	32	147
Q57733	DP00067	00035	00130	1	32	147
Q57733	DP00067	00038	00130	1	32	147
P60881	DP00068	00008	00096	1	206	206
P60881	DP00068	00008	00087	1	206	206
P60881	DP00068	00008	00085	1	206	206
P60881	DP00068	00008	00120	1	206	206
P63027	DP00069	00009	00097	40	67	116
P37840	DP00070	00008	00121	104	140	140
P37840	DP00070	00011	00121	104	140	140
P37840	DP00070	00017	00096	1	140	140
P37840	DP00070	00008	00096	1	140	140
P37840	DP00070	00011	00096	1	140	140
P37840	DP00070	00008	0363	1	140	140
P37840	DP00070	00046	00095	61	95	140
P37840	DP00070	00011	00096	1	102	140
P37840	DP00070	00008	00120	103	140	140
Q8WZ42	DP00072	00005	00107	9880	12031	34350
P04818	DP00073	00009	00130	1	25	313
P11387	DP00075	00002	00085	652	696	765
P11387	DP00075	00012	00130	1	206	765
P11387	DP00075	00002	00130	636	712	765
P07248	DP00077	00008	00121	75	103	1323
P15337	DP00080	00009	00120	101	119	341
P15337	DP00080	00009	00120	146	160	341
P15337	DP00080	00009	00120	120	144	341
P15337	DP00080	00025	00120	120	144	341
P15337	DP00080	00009	00120	120	129	341
P15337	DP00080	00009	00120	134	144	341
P03069	DP00083	00008	00096	225	281	281
P03069	DP00083	00008	00087	225	281	281
P03069	DP00083	00008	00120	101	134	281
P04637	DP00086	00021	00120	60	92	393
P04637	DP00086	00019	00130	320	393	393
P04637	DP00086	00026	00120	380	384	393
P04637	DP00086	00021	0411	367	386	393
P04637	DP00086	00017	00127	41	62	393
P04637	DP00086	00027	0213	368	372	393
P04637	DP00086	00025	0065	14	19	393
P04637	DP00086	00009	00127	325	356	393
P04637	DP00086	00021	0096	1	73	393
P68336	DP00087	00009	00130	350	394	490
P68336	DP00087	00021	00130	403	412	490
P68336	DP00087	00021	00103	413	490	490
P0ABJ1	DP00089	00001	00130	1	35	315
P0ABJ1	DP00089	00001	00130	113	124	315
Q14722	DP00090	00002	00120	1	62	419
Q08209	DP00092	00009	00130	374	468	521
Q08209	DP00092	00009	00130	469	486	521
Q08209	DP00092	00021	00085	373	466	521
Q08209	DP00092	00009	00130	390	414	521
Q08209	DP00092	00021	00096	373	521	521
Q08209	DP00092	00021	00096	373	468	521
Q08209	DP00092	00021	00114	373	468	521
P04177	DP00094	00025	00120	1	71	498
P04177	DP00094	00018	00120	1	71	498
P04177	DP00094	00025	00085	33	50	498
P04177	DP00094	00018	00085	33	50	498
P04177	DP00094	00025	00100	1	71	498
P04177	DP00094	00018	00100	1	71	498
P04177	DP00094	00025	00113	1	71	498
P04177	DP00094	00018	00113	1	71	498
P10922	DP00097	00026	00096	1	30	194
P10922	DP00097	00027	00096	1	30	194
Q53654	DP00098	00002	00130	332	344	1183
Q53654	DP00098	00002	00130	164	173	1183
P0A6H5	DP00100	00035	00130	175	209	443
P09372	DP00103	00002	00130	1	32	197
P27577	DP00111	00002	00120	244	301	440
P27577	DP00111	00025	00120	29	49	440
P22239	DP00112	00016	00120	1	155	155
P22239	DP00112	00016	00096	1	155	155
P31109	DP00113	00008	00096	1	93	117
P31109	DP00113	00008	00101	1	93	117
P31109	DP00113	00008	00089	1	93	117
P05059	DP00118	00013	00120	1	449	449
P10163	DP00119	00014	00096	17	310	310
P12957	DP00120	00017	00087	636	771	771
P12957	DP00120	00017	00096	636	771	771
P12957	DP00120	00017	00125	636	771	771
P12957	DP00120	00017	00092	636	771	771
P12957	DP00120	00008	0363	636	771	771
P15146	DP00122	00001	00096	1	135	1861
P15146	DP00122	00001	00096	136	297	1861
P15146	DP00122	00001	00085	136	297	1861
P15146	DP00122	00001	00096	298	467	1861
Q04207	DP00129	00001	00130	295	304	549
P07221	DP00132	00001	00130	376	395	395
P07221	DP00132	00015	00130	376	395	395
P07221	DP00132	00015	00120	1	395	395
P03422	DP00133	00008	00120	1	300	507
P03422	DP00133	00008	00121	1	230	507
P03422	DP00133	00008	00086	1	230	507
P03422	DP00133	00008	00085	1	230	507
P03422	DP00133	00008	00087	1	230	507
P03422	DP00133	00008	00120	1	50	507
P03422	DP00133	00008	00096	1	230	507
P10961	DP00135	00002	00120	1	167	833
P10961	DP00135	00021	00120	1	167	833
P15865	DP00136	00009	00097	1	30	219
P15865	DP00136	00026	00097	1	30	219
P15865	DP00136	00027	00097	1	30	219
P15865	DP00136	00009	00097	31	119	219
P15865	DP00136	00009	00097	120	217	219
P0A7L8	DP00140	00008	00097	1	85	85
P0A7L8	DP00140	00009	00121	1	85	85
O95405	DP00141	00009	00120	663	751	1425
P14602	DP00142	00001	00120	192	209	209
P14602	DP00142	00035	00120	192	209	209
Q9VAN6	DP00144	00026	00120	1	27	276
Q9VAN6	DP00144	00027	00120	1	27	276
Q9VAN6	DP00144	00026	00096	1	27	276
Q9VAN6	DP00144	00027	00096	1	27	276
P0A7S3	DP00145	00008	00090	1	27	124
P03347	DP00148	00035	00120	378	432	512
P03347	DP00148	00023	00120	378	432	512
P02547	DP00151	00001	00112	444	549	549
P02547	DP00151	00003	00112	444	549	549
Q13426	DP00152	00008	00130	201	212	336
P54725	DP00156	00002	00120	79	160	363
P54725	DP00156	00002	00120	201	231	363
P54725	DP00156	00002	00120	283	316	363
P0CL52	DP00157	00011	00130	497	513	685
P0CL52	DP00157	00011	00130	657	669	685
P0CL52	DP00157	00011	00108	658	684	685
P0CL52	DP00157	00011	00108	446	512	685
P0CL52	DP00157	00011	00085	658	684	685
P0CL52	DP00157	00011	00085	425	512	685
P09803	DP00159	00009	00101	812	884	884
P09803	DP00159	00009	00096	812	884	884
P09803	DP00159	00009	00085	812	884	884
P09803	DP00159	00009	00120	812	884	884
P09803	DP00159	00025	00127	778	884	884
P09803	DP00159	00017	00101	812	884	884
P09803	DP00159	00017	00096	812	884	884
P09803	DP00159	00017	00085	812	884	884
P09803	DP00159	00017	00120	812	884	884
P77173	DP00161	00002	00108	86	185	328
O75324	DP00162	00001	00120	34	59	88
O75324	DP00162	00002	00120	34	59	88
P19429	DP00166	00018	00130	137	148	210
P19429	DP00166	00002	00130	137	148	210
P10114	DP00167	00001	00130	45	55	183
P10114	DP00167	00002	00130	45	55	183
Q9NVS9	DP00168	00024	00130	1	48	261
O00273	DP00173	00009	00097	1	116	331
O00273	DP00173	00009	00120	1	116	331
Q9NQB0	DP00175	00008	00096	1	56	619
Q9NQB0	DP00175	00017	00096	1	56	619
Q9NQB0	DP00175	00008	00096	1	53	619
Q9NQB0	DP00175	00008	00096	1	130	619
Q9NQB0	DP00175	00008	00130	13	25	619
Q9NQB0	DP00175	00017	00130	13	25	619
Q9NQB0	DP00175	00008	00130	40	50	619
Q9NQB0	DP00175	00017	00130	40	50	619
P42512	DP00176	00017	00130	81	95	720
Q9Y5B0	DP00177	00008	00120	879	961	961
P01094	DP00179	00018	00096	1	68	68
P01094	DP00179	00018	00096	2	34	68
P01094	DP00179	00018	00130	2	32	68
P01094	DP00179	00018	00130	33	68	68
P01094	DP00179	00018	00096	1	68	68
P01094	DP00179	00018	00121	44	60	68
P01094	DP00179	00018	00121	1	68	68
P01094	DP00179	00018	00085	1	68	68
P19972	DP00180	00018	00096	146	222	222
P03087	DP00182	00008	00086	1	21	362
Q95V77	DP00186	00001	00112	1	143	143
Q95V77	DP00186	00001	00096	1	143	143
Q95V77	DP00186	00001	00101	1	143	143
P04273	DP00187	00047	00120	23	106	254
P04273	DP00187	00008	00120	90	126	254
P04273	DP00187	00008	00120	90	126	254
P38038	DP00190	00017	00130	52	224	599
P02668	DP00192	00012	00086	1	21	190
P02668	DP00192	00015	00086	1	21	190
P0AFZ3	DP00194	00009	00085	111	165	165
P0AFZ3	DP00194	00002	00085	111	165	165
P0AFZ3	DP00194	00009	00096	118	165	165
P0AFZ3	DP00194	00002	00096	118	165	165
P02313	DP00195	00008	00112	1	89	90
P02313	DP00195	00008	00124	1	89	90
P02313	DP00195	00008	00096	1	89	90
P20810	DP00196	00008	00085	137	277	708
P20810	DP00196	00008	00096	137	277	708
P20810	DP00196	00008	00120	137	277	708
P0A707	DP00197	00002	00120	78	89	180
P33905	DP00198	00021	00130	164	175	234
P33905	DP00198	00021	00130	133	144	234
P02721	DP00201	00009	00120	33	108	108
P02721	DP00201	00009	00120	84	108	108
P02721	DP00201	00009	00120	56	66	108
Q82S91	DP00205	00015	00087	1	117	117
Q82S91	DP00205	00015	00096	1	117	117
P21513	DP00207	00008	00127	816	850	1061
P21513	DP00207	00017	00127	816	850	1061
P24592	DP00211	00001	00120	214	240	240
P10451	DP00214	00009	00120	1	314	314
P10451	DP00214	00015	00120	1	314	314
Q90623	DP00218	00018	00130	1	299	1004
O60927	DP00219	00018	00086	1	126	126
O60927	DP00219	00018	00087	1	126	126
P07476	DP00221	00008	00096	1	585	585
P32499	DP00222	00003	0033	185	527	720
P14635	DP00223	00008	00120	1	78	433
P14635	DP00223	00008	00096	1	78	433
Q05140	DP00225	00008	00096	745	896	915
Q05140	DP00225	00008	00096	328	745	915
Q9CXW3	DP00226	00008	00120	48	77	229
Q9CXW3	DP00226	00008	00120	178	229	229
P07293	DP00228	00017	00096	724	760	1873
P07293	DP00228	00017	00082	724	760	1873
P07293	DP00228	00017	00120	724	760	1873
P05455	DP00229	00025	00120	326	408	408
P05455	DP00229	00025	00085	326	408	408
Q14449	DP00230	00008	00120	361	435	540
P14859	DP00231	00017	00120	1	200	743
P14859	DP00231	00017	00125	1	200	743
P14859	DP00231	00002	00130	355	379	743
P38398	DP00238	00017	00096	103	1646	1863
P35612	DP00241	00008	00096	409	726	726
P35612	DP00241	00008	00085	409	726	726
P35612	DP00241	00008	00086	409	726	726
P0AG63	DP00242	00008	00096	1	83	84
P23025	DP00243	00002	00120	168	179	273
P23025	DP00243	00002	00120	206	218	273
P01555	DP00250	00011	0403	254	258	258
P01555	DP00250	00010	0107	19	212	258
O88339	DP00251	00008	00096	144	575	575
O88339	DP00251	00008	00089	144	575	575
P0A877	DP00252	00008	00130	55	65	268
P0A877	DP00252	00008	00130	54	65	268
P0A877	DP00252	00008	00130	54	74	268
P40316	DP00256	00029	00120	1	110	373
P40316	DP00256	00021	00120	1	110	373
P40316	DP00256	00029	00096	1	110	373
P40316	DP00256	00021	00096	1	110	373
O31851	DP00257	00017	00120	89	125	196
O31851	DP00257	00017	00130	89	125	196
P01106	DP00260	00021	00103	1	167	439
P01106	DP00260	00021	00096	1	143	439
P01106	DP00260	00021	00096	1	88	439
P01106	DP00260	00002	00085	71	93	439
P01106	DP00260	00021	00096	1	143	439
P04925	DP00265	00047	00120	23	120	254
Q24298	DP00269	00017	00101	1350	1507	1507
Q24298	DP00269	00017	00096	1350	1507	1507
Q24298	DP00269	00017	00085	1350	1507	1507
P08050	DP00278	00025	00120	255	316	382
P08050	DP00278	00002	00120	255	316	382
P08050	DP00278	00001	00120	255	316	382
P08050	DP00278	00009	00120	255	316	382
P08050	DP00278	00025	00120	326	341	382
P08050	DP00278	00002	00120	326	341	382
P08050	DP00278	00001	00120	326	341	382
P08050	DP00278	00009	00120	326	341	382
P08050	DP00278	00025	00120	346	382	382
P08050	DP00278	00002	00120	346	382	382
P08050	DP00278	00001	00120	346	382	382
P08050	DP00278	00009	00120	346	382	382
P16009	DP00284	00033	00130	343	361	575
P40337	DP00287	00008	00130	1	57	213
P40337	DP00287	00043	00081	54	213	213
Q06253	DP00288	00018	1088	1	73	73
P10415	DP00297	00012	00130	26	48	239
Q07817	DP00298	00002	00120	28	80	233
Q07817	DP00298	00002	00130	28	80	233
Q07817	DP00298	00025	00120	28	80	233
P0AE70	DP00299	00017	00127	16	29	111
P0AE70	DP00299	00021	00127	16	29	111
P0ABQ4	DP00301	00017	00130	63	72	159
P0ABQ4	DP00301	00017	00120	63	72	159
P0ABQ4	DP00301	00017	00130	116	132	159
P0ABQ4	DP00301	00017	00120	116	132	159
P0ABQ4	DP00301	00017	00120	9	24	159
P0ABQ4	DP00301	00017	00130	9	24	159
O43464	DP00315	00002	00130	344	358	458
O43464	DP00315	00002	00130	344	357	458
O43464	DP00315	00002	00130	345	358	458
P09651	DP00324	00002	00130	92	102	372
P09651	DP00324	00041	00130	182	196	372
P01099	DP00325	00018	00087	1	166	166
P01099	DP00325	00018	00089	1	166	166
Q08605	DP00328	00021	00120	310	335	581
Q08605	DP00328	00021	00120	281	348	581
Q08605	DP00328	00021	00120	368	444	581
P02666	DP00329	00015	00097	1	224	224
P02666	DP00329	00015	00096	1	224	224
P21815	DP00332	00015	00120	1	317	317
P16442	DP00339	00001	00130	179	194	354
Q02248	DP00341	00021	00130	664	781	781
Q9Y6Q9	DP00343	00017	00120	1018	1088	1424
Q9Y6Q9	DP00343	00009	00120	1018	1088	1424
Q9Y6Q9	DP00343	00017	00120	1018	1045	1424
Q9Y6Q9	DP00343	00009	00120	1018	1045	1424
P16535	DP00345	00010	0113	884	953	953
P04972	DP00347	00008	00120	1	21	87
P04972	DP00347	00008	00120	46	78	87
P04972	DP00347	00008	00120	1	87	87
P45481	DP00348	00008	00120	2113	2152	2441
P45481	DP00348	00008	00120	2059	2117	2441
P45481	DP00348	00008	00120	2059	2118	2441
P45481	DP00348	00008	00096	2059	2118	2441
P45481	DP00348	00008	00125	2059	2118	2441
P45481	DP00348	00008	00120	2059	2117	2441
Q27974	DP00351	00008	00096	547	813	910
Q27974	DP00351	00008	00089	547	813	910
Q99967	DP00356	00021	00120	258	269	270
Q99967	DP00356	00021	00096	220	269	270
P62328	DP00357	00017	00120	1	44	44
A6Q0K5	DP00359	00002	00121	51	60	107
Q16222	DP00363	00002	00130	454	470	522
Q16222	DP00363	00017	00130	454	470	522
P53041	DP00365	00008	00120	19	147	499
P53041	DP00365	00008	00096	19	147	499
P08047	DP00378	00009	00082	342	488	785
P49841	DP00385	00025	00130	285	299	420
P25814	DP00387	00008	00120	1	116	116
P25814	DP00387	00008	00096	1	116	116
P25814	DP00387	00008	00097	1	116	116
P09983	DP00389	00010	0113	962	1023	1023
P17870	DP00390	00008	00130	282	309	418
P17870	DP00390	00008	00130	383	393	418
Q09161	DP00392	00012	00130	1	26	790
P40136	DP00395	00017	00127	580	590	800
Q9ES89	DP00397	00017	00130	275	285	330
P07342	DP00398	00001	00130	647	687	687
O00204	DP00404	00024	00130	13	26	365
P07363	DP00407	00002	00120	124	158	654
P07363	DP00407	00002	00120	228	257	654
P0A6G1	DP00412	00035	00120	17	31	97
P0ABE0	DP00415	00002	00120	49	76	156
P78504	DP00418	00001	00096	1094	1218	1218
P78504	DP00418	00008	00096	1094	1218	1218
P78504	DP00418	00001	00120	1094	1218	1218
P78504	DP00418	00008	00120	1094	1218	1218
P78504	DP00418	00001	00101	1094	1218	1218
P78504	DP00418	00008	00101	1094	1218	1218
P78504	DP00418	00001	00085	1094	1218	1218
P78504	DP00418	00008	00085	1094	1218	1218
Q96T21	DP00420	00017	00120	1	600	854
Q96T21	DP00420	00017	00120	776	854	854
P07516	DP00421	00018	00086	1	202	202
P07516	DP00421	00018	00082	1	202	202
P07516	DP00421	00018	00087	1	202	202
P53551	DP00423	00001	00096	166	252	258
P53551	DP00423	00008	00120	171	258	258
P53551	DP00423	00008	00096	171	258	258
P0AFG8	DP00427	00008	00130	1	55	887
P0AFG8	DP00427	00017	00130	401	413	887
P0AFG8	DP00427	00017	00130	401	413	887
P0AFG8	DP00427	00017	00130	541	557	887
P0AFG8	DP00427	00017	00130	541	557	887
P53350	DP00428	00008	00120	488	507	603
P53350	DP00428	00008	00120	493	507	603
P32170	DP00429	00002	00130	49	63	419
P11632	DP00432	00022	00120	1	16	93
Q01853	DP00435	00002	00130	1	15	806
Q01853	DP00435	00002	00130	736	806	806
Q01853	DP00435	00002	00130	469	482	806
Q01853	DP00435	00002	00130	703	726	806
Q05158	DP00438	00002	00120	68	115	194
Q05158	DP00438	00002	00120	82	117	194
Q05158	DP00438	00002	00120	175	194	194
P02511	DP00445	00038	00120	166	175	175
P12579	DP00447	00008	00085	164	241	241
P12579	DP00447	00008	00085	161	241	241
P12579	DP00447	00008	00085	1	118	241
P12579	DP00447	00008	00085	164	241	241
P12579	DP00447	00008	00085	1	118	241
P12579	DP00447	00008	00123	1	241	241
P12579	DP00447	00008	00086	1	241	241
P12579	DP00447	00008	00096	1	241	241
P12579	DP00447	00008	00087	1	241	241
P12579	DP00447	00008	00082	1	241	241
P12579	DP00447	00008	00087	1	102	241
P12579	DP00447	00008	00087	161	241	241
P12579	DP00447	00008	00096	161	241	241
P12579	DP00447	00008	00096	1	102	241
P12579	DP00447	00008	00096	198	241	241
P84092	DP00455	00002	00130	135	158	435
Q9Y3D6	DP00457	00012	00120	121	145	152
Q9Z0U4	DP00463	00017	00096	17	98	991
Q9Z0U4	DP00463	00017	00097	17	98	991
Q9Z0U4	DP00463	00017	00092	17	98	991
P04156	DP00466	00001	00120	23	124	253
P50542	DP00472	00035	00092	1	324	639
P50542	DP00472	00035	00112	1	324	639
P50542	DP00472	00035	00096	1	324	639
P50542	DP00472	00035	00087	1	324	639
P09938	DP00487	00008	00130	1	41	399
P09938	DP00487	00008	00130	264	274	399
P49723	DP00488	00008	00130	1	51	345
Q62165	DP00491	00009	00120	654	750	893
P10275	DP00492	00008	00096	142	485	920
P10275	DP00492	00017	00096	142	485	920
P10275	DP00492	00008	00100	142	485	920
P10275	DP00492	00017	00100	142	485	920
P10275	DP00492	00008	00085	142	485	920
P10275	DP00492	00017	00085	142	485	920
P30273	DP00509	00017	00096	40	60	86
O60356	DP00510	00008	00096	1	82	82
O60356	DP00510	00025	00096	1	82	82
O60356	DP00510	00008	00112	1	82	82
O60356	DP00510	00025	00112	1	82	82
P52179	DP00517	00001	00096	836	931	1685
P52179	DP00517	00005	00096	836	931	1685
P52179	DP00517	00001	00107	836	931	1685
P52179	DP00517	00005	00107	836	931	1685
O54918	DP00518	00017	00127	139	171	196
P25054	DP00519	00010	0065	2802	2807	2843
Q969F2	DP00520	00030	00120	1	217	451
Q969F2	DP00520	00009	00120	1	217	451
Q969F2	DP00520	00030	00096	1	217	451
Q969F2	DP00520	00009	00096	1	217	451
O95997	DP00521	00021	00121	1	202	202
O95997	DP00521	00024	00121	1	202	202
O95997	DP00521	00021	00096	1	202	202
O95997	DP00521	00024	00096	1	202	202
O95997	DP00521	00021	00087	1	202	202
O95997	DP00521	00024	00087	1	202	202
P06701	DP00533	00001	00096	216	549	978
Q91V27	DP00541	00008	00120	147	403	590
Q91V27	DP00541	00008	00087	147	403	590
Q91V27	DP00541	00008	00085	147	403	590
Q91V27	DP00541	00008	00123	147	403	590
Q91V27	DP00541	00008	00096	147	403	590
Q14061	DP00543	00015	00120	1	29	63
Q14061	DP00543	00003	00120	1	29	63
Q14061	DP00543	00015	00120	1	17	63
Q14061	DP00543	00003	00120	1	17	63
Q9NX55	DP00546	00035	00096	1	129	129
Q9NX55	DP00546	00035	00085	1	129	129
Q9NX55	DP00546	00035	00087	1	129	129
P0AFX7	DP00552	00008	00096	121	216	216
P0AFX7	DP00552	00008	00125	121	216	216
Q9NZ94	DP00553	00008	00096	731	848	848
Q9NZ94	DP00553	00008	00125	731	848	848
Q9NZ94	DP00553	00008	00082	731	848	848
Q9NZ94	DP00553	00008	00087	731	848	848
Q9NZ94	DP00553	00008	00085	731	848	848
Q9NZ94	DP00553	00008	00123	731	848	848
Q9NZ94	DP00553	00008	00121	731	848	848
P49354	DP00558	00009	00130	1	54	379
P49354	DP00558	00024	00130	1	54	379
Q61337	DP00563	00017	00120	1	204	204
Q61337	DP00563	00017	00085	1	204	204
Q61337	DP00563	00017	00087	1	204	204
Q6P8Z1	DP00564	00009	00120	2	169	170
Q6P8Z1	DP00564	00009	00096	2	169	170
P39900	DP00571	00008	00130	146	157	470
P39900	DP00571	00002	00130	146	157	470
P77072	DP00575	00002	00120	146	161	212
P16006	DP00583	00002	00130	63	83	193
A2VD23	DP00584	00025	00096	1	613	613
A2VD23	DP00584	00025	00101	1	613	613
A2VD23	DP00584	00025	00086	1	613	613
P27958	DP00588	00035	00085	1	82	3011
P27958	DP00588	00035	00096	1	82	3011
J7QLC0	DP00591	00015	00096	1006	1706	1706
J7QLC0	DP00591	00015	00120	1006	1706	1706
J7QLC0	DP00591	00015	00123	1006	1706	1706
J7QLC0	DP00591	00015	00082	1006	1706	1706
J7QLC0	DP00591	00015	00099	1006	1706	1706
P60723	DP00600	00017	00130	45	103	201
P60723	DP00600	00017	00096	41	96	201
Q24246	DP00605	00008	00130	109	135	663
Q24246	DP00605	00008	00085	109	135	663
P42759	DP00606	00035	00120	1	260	260
P42759	DP00606	00035	00086	1	260	260
P42759	DP00606	00035	00096	1	260	260
Q16595	DP00607	00002	00120	42	86	210
Q16595	DP00607	00002	00120	42	86	210
Q13573	DP00608	00017	00096	59	129	536
Q13573	DP00608	00017	00097	59	129	536
Q13573	DP00608	00017	00092	59	129	536
Q13573	DP00608	00017	00121	59	129	536
O81283	DP00609	00017	00096	1	727	1503
O81283	DP00609	00017	00096	639	839	1503
O81283	DP00609	00017	00096	408	627	1503
O81283	DP00609	00017	00096	163	374	1503
Q9SLF3	DP00610	00017	00096	1	455	1206
P30291	DP00611	00002	00130	1	292	646
P30291	DP00611	00002	00130	436	455	646
Q22472	DP00613	00035	00083	1	378	378
Q07412	DP00614	00024	00130	165	178	248
Q07412	DP00614	00017	00130	66	80	248
Q07412	DP00614	00024	00130	66	80	248
Q9WMX2	DP00615	00017	00096	2213	2308	3010
Q9WMX2	DP00615	00017	00120	2213	2308	3010
Q9WMX2	DP00615	00017	00086	2221	2314	3010
Q9WMX2	DP00615	00017	00096	2221	2314	3010
Q9WMX2	DP00615	00017	00120	2221	2314	3010
Q9WMX2	DP00615	00017	00087	2221	2314	3010
Q9WMX2	DP00615	00017	00120	2218	2314	3010
P02788	DP00616	00017	00120	38	59	710
P02788	DP00616	00017	00083	38	59	710
P02788	DP00616	00017	00096	38	59	710
P53954	DP00618	00017	00083	79	92	548
P53954	DP00618	00017	00083	79	92	548
P53954	DP00618	00017	00083	79	92	548
P53954	DP00618	00017	00083	79	92	548
P53954	DP00618	00017	00083	79	92	548
P00736	DP00621	00013	00113	193	305	705
P00736	DP00621	00013	00096	193	305	705
P63045	DP00622	00009	00120	1	35	116
P63045	DP00622	00009	00120	36	54	116
P63045	DP00622	00009	00120	77	88	116
P63045	DP00622	00009	00120	55	76	116
P83949	DP00623	00017	00096	1	174	389
P83949	DP00623	00017	00096	174	216	389
P83949	DP00623	00017	00096	235	286	389
P35638	DP00624	00017	00120	116	168	169
P35638	DP00624	00017	00097	116	168	169
P0AG11	DP00626	00017	00096	1	139	139
P15309	DP00628	00009	00120	248	286	386
Q07097	DP00629	00008	00120	401	524	524
Q07097	DP00629	00008	00086	401	524	524
Q07097	DP00629	00017	00120	402	524	524
Q07097	DP00629	00008	00120	402	524	524
Q07097	DP00629	00017	00120	402	524	524
Q07097	DP00629	00008	00120	402	524	524
O76070	DP00630	00017	00120	1	127	127
O76070	DP00630	00017	00096	1	127	127
P38634	DP00631	00017	00096	1	90	284
P38634	DP00631	00017	00096	1	90	284
P38634	DP00631	00017	00096	1	90	284
P38634	DP00631	00017	00096	1	90	284
P38634	DP00631	00018	00120	1	90	284
Q01844	DP00632	00017	00096	1	264	656
P17120	DP00636	00002	00087	1	71	1184
P17120	DP00636	00009	00087	1	71	1184
P17120	DP00636	00017	00087	1	71	1184
P17120	DP00636	00002	00082	1	71	1184
P17120	DP00636	00009	00082	1	71	1184
P17120	DP00636	00017	00082	1	71	1184
Q89933	DP00640	00009	00120	400	525	525
Q89933	DP00640	00009	00123	400	525	525
Q89933	DP00640	00009	00087	400	525	525
Q89933	DP00640	00009	00125	400	525	525
Q89933	DP00640	00017	00111	401	525	525
P51671	DP00641	00017	00120	1	31	97
P22362	DP00644	00012	00083	1	23	96
P26039	DP00653	00002	00120	139	168	2541
P07674	DP00656	00024	00121	1	64	358
P07674	DP00656	00017	00121	1	64	358
P07674	DP00656	00024	00096	1	64	358
P07674	DP00656	00017	00096	1	64	358
P07674	DP00656	00002	00121	252	294	358
P07674	DP00656	00018	00121	252	294	358
P07674	DP00656	00002	00130	117	137	358
P07674	DP00656	00002	00096	252	294	358
P07674	DP00656	00018	00096	252	294	358
Q8LBP4	DP00662	00017	00087	339	462	462
Q8LBP4	DP00662	00017	00096	339	462	462
P42763	DP00667	00037	00120	1	185	185
P42763	DP00667	00037	00121	1	185	185
P42763	DP00667	00037	00096	1	185	185
P42763	DP00667	00037	00086	1	185	185
P42763	DP00667	00037	00089	1	185	185
P81019	DP00669	00028	00096	26	96	183
P81019	DP00669	00028	00086	26	96	183
P81019	DP00669	00028	00085	26	96	183
Q92886	DP00672	00017	00120	90	150	237
P06935	DP00673	00001	00089	2	105	3430
P06935	DP00673	00035	00089	2	105	3430
P06935	DP00673	00001	00096	80	105	3430
P06935	DP00673	00035	00096	80	105	3430
P06935	DP00673	00001	00096	1	24	3430
P06935	DP00673	00035	00096	1	24	3430
Q69422	DP00674	00001	00089	2	155	2864
Q69422	DP00674	00035	00089	2	155	2864
Q69422	DP00674	00001	00096	2	155	2864
Q69422	DP00674	00035	00096	2	155	2864
P19711	DP00675	00035	00096	170	260	3988
P19711	DP00675	00035	00100	169	270	3988
P12810	DP00677	00035	00082	1	42	151
P12810	DP00677	00038	00082	1	42	151
P12810	DP00677	00035	00087	1	42	151
P12810	DP00677	00038	00087	1	42	151
P11171	DP00678	00017	00121	800	864	864
P11171	DP00678	00017	00096	800	864	864
Q98157	DP00685	00002	00130	21	44	94
Q98157	DP00685	00002	00120	21	44	94
Q98157	DP00685	00002	00120	21	44	94
Q98157	DP00685	00002	00130	21	44	94
Q98157	DP00685	00002	00130	21	44	94
P30185	DP00689	00037	00096	1	186	186
P30185	DP00689	00037	00086	1	186	186
P30185	DP00689	00037	00087	1	186	186
P45561	DP00693	00001	00120	12	28	189
Q9IK92	DP00697	00008	00096	400	532	532
Q9IK92	DP00697	00008	00085	400	532	532
Q9IK92	DP00697	00008	00123	400	532	532
Q9IK92	DP00697	00008	00121	400	532	532
Q9IK92	DP00697	00008	00086	400	532	532
Q9IK92	DP00697	00008	00085	400	532	532
Q9IK92	DP00697	00008	00120	400	532	532
Q9IK92	DP00697	00008	00100	400	532	532
Q9IK92	DP00697	00008	00120	400	532	532
Q9IK92	DP00697	00008	00118	400	532	532
O89339	DP00698	00008	00085	400	532	532
O89339	DP00698	00008	00123	400	532	532
O89339	DP00698	00008	00086	400	532	532
O89339	DP00698	00008	00118	400	532	532
O89339	DP00698	00008	00121	400	532	532
O89339	DP00698	00008	00087	400	532	532
O89339	DP00698	00008	00085	400	532	532
O89339	DP00698	00008	00096	400	532	532
O89339	DP00698	00008	00100	400	532	532
Q9IK91	DP00699	00008	00121	1	406	709
Q9IK91	DP00699	00008	00085	1	406	709
Q9IK91	DP00699	00008	00123	1	406	709
Q9IK91	DP00699	00008	00086	1	406	709
Q9IK91	DP00699	00008	00087	1	100	709
Q9IK91	DP00699	00008	00120	1	100	709
Q9IK91	DP00699	00008	00096	1	406	709
Q9IK91	DP00699	00008	00087	1	406	709
Q9IK91	DP00699	00008	00125	1	100	709
O55778	DP00700	00008	00096	1	404	707
O55778	DP00700	00008	00123	1	404	707
O55778	DP00700	00008	00121	1	404	707
O55778	DP00700	00008	00086	1	404	707
O55778	DP00700	00008	00085	1	404	707
O55778	DP00700	00008	00087	1	404	707
P46937	DP00702	00018	00130	101	171	504
P24522	DP00704	00017	00120	105	118	165
Q15517	DP00706	00008	00096	60	171	529
Q15517	DP00706	00047	00096	60	171	529
Q9UER7	DP00707	00041	00120	495	740	740
O35613	DP00708	00017	00120	566	739	739
Q9Y3M2	DP00709	00018	00096	1	63	126
Q9Y3M2	DP00709	00017	00096	1	63	126
Q9Y3M2	DP00709	00018	00111	1	63	126
Q9Y3M2	DP00709	00017	00111	1	63	126
Q9Y3M2	DP00709	00018	00123	1	63	126
Q9Y3M2	DP00709	00017	00123	1	63	126
Q9Y3M2	DP00709	00017	00114	102	126	126
Q9Y3M2	DP00709	00017	00096	102	126	126
Q9Y3M2	DP00709	00017	00120	102	126	126
Q9Y3M2	DP00709	00017	00114	1	63	126
Q9Y3M2	DP00709	00017	00096	1	63	126
Q9Y3M2	DP00709	00017	00120	1	63	126
P37231	DP00718	00017	00130	9	111	505
P37231	DP00718	00017	00113	9	111	505
P37231	DP00718	00017	00113	9	111	505
P37231	DP00718	00017	00130	112	174	505
P37231	DP00718	00017	00113	112	174	505
P37231	DP00718	00017	00130	175	211	505
P37231	DP00718	00017	00113	175	211	505
P37231	DP00718	00017	00130	238	278	505
P37231	DP00718	00017	00113	238	278	505
P37231	DP00718	00017	00130	279	298	505
P37231	DP00718	00017	00113	279	298	505
P37231	DP00718	00017	00130	443	452	505
P37231	DP00718	00017	00113	443	452	505
P37231	DP00718	00017	00130	9	111	505
P37231	DP00718	00017	00113	453	477	505
P37231	DP00718	00017	00130	453	477	505
Q13569	DP00719	00019	00120	1	50	410
Q13569	DP00719	00017	00120	51	111	410
Q13569	DP00719	00019	00120	340	410	410
Q9MAA7	DP00723	00002	00130	50	62	345
Q9LQT8	DP00724	00017	00130	11	113	533
Q9LQT8	DP00724	00017	00096	11	113	533
P00974	DP00729	00018	00088	14	38	100
P02631	DP00730	00015	00120	51	62	109
Q9UKV8	DP00736	00002	00130	1	22	859
Q9UKV8	DP00736	00002	00130	818	838	859
P01160	DP00747	00033	00120	56	123	153
P01160	DP00747	00033	00121	56	123	153
P01160	DP00747	00033	00087	56	123	153
P01160	DP00747	00033	00096	56	123	153
P46108	DP00748	00002	00120	121	133	304
P46108	DP00748	00002	00120	192	223	304
P46108	DP00748	00009	00120	224	237	304
P46108	DP00748	00009	00120	238	293	304
E6PBU9	DP00752	00008	00120	1	71	189
P27782	DP00767	00022	00120	361	370	397
P27782	DP00767	00022	00120	302	319	397
Q28181-4	DP00768	00003	00120	272	590	590
Q28181-4	DP00768	00001	00120	272	590	590
Q28181-4	DP00768	00009	00120	272	590	590
Q28181-4	DP00768	00013	00120	272	590	590
Q28181-4	DP00768	00003	00120	14	99	590
Q28181-4	DP00768	00001	00120	14	99	590
Q28181-4	DP00768	00009	00120	14	99	590
Q28181-4	DP00768	00013	00120	14	99	590
Q28181-4	DP00768	00003	00120	184	255	590
Q28181-4	DP00768	00001	00120	184	255	590
Q28181-4	DP00768	00009	00120	184	255	590
Q28181-4	DP00768	00013	00120	184	255	590
Q28181-4	DP00768	00003	00120	117	166	590
Q28181-4	DP00768	00001	00120	117	166	590
Q28181-4	DP00768	00009	00120	117	166	590
Q28181-4	DP00768	00013	00120	117	166	590
P40719	DP00774	00025	00130	386	417	449
P15311	DP00775	00025	00130	130	150	586
P15311	DP00775	00019	00124	506	586	586
P0ACF8	DP00776	00002	00120	57	89	137
P46670	DP00778	00025	00130	220	245	268
P46670	DP00778	00009	00120	1	30	268
P10279	DP00783	00047	00120	23	121	264
P62326	DP00795	00020	00121	13	44	44
P62326	DP00795	00020	00121	1	44	44
P62326	DP00795	00020	00130	22	44	44
P62326	DP00795	00020	00096	1	44	44
P62326	DP00795	00020	00096	1	44	44
P62326	DP00795	00020	00121	1	44	44
P15382	DP00796	00002	00120	72	91	129
P15382	DP00796	00002	00120	24	45	129
O15273	DP00797	00008	00125	91	167	167
O15273	DP00797	00008	00127	91	167	167
Q9BJX6	DP00800	00002	00130	512	523	535
P61012	DP00801	00025	00130	1	20	52
P22179	DP00803	00012	00130	1	58	144
Q84ZX5	DP00807	00021	00120	81	132	132
P24937	DP00808	00009	00130	1	51	250
Q9V452	DP00811	00012	00130	1	28	140
Q9V452	DP00811	00012	00130	101	140	140
Q9DCL8	DP00815	00018	00096	1	206	206
Q9DCL8	DP00815	00018	00130	17	42	206
Q9DCL8	DP00815	00018	00130	1	11	206
Q9DCL8	DP00815	00018	00130	170	206	206
Q9DCL8	DP00815	00018	00130	57	129	206
P41236	DP00816	00018	00120	9	164	205
P41236	DP00816	00018	00120	9	164	205
O73557	DP00820	00001	00120	1	29	99
O73557	DP00820	00030	00130	1	25	99
O73557	DP00820	00001	00120	71	99	99
O73557	DP00820	00009	00130	76	99	99
Q885L4	DP00822	00024	00120	21	35	137
N1NXA6	DP00823	00022	00130	64	99	99
Q9NJS1	DP00824	00018	00130	54	83	83
Q9NJS1	DP00824	00018	00130	56	83	83
P22995	DP00833	00014	0074	50	83	83
Q16186	DP00839	00002	00120	132	252	407
Q16186	DP00839	00018	00120	253	285	407
O14733	DP00841	00021	00120	30	100	419
P12506	DP00842	00009	00120	1	86	86
P12506	DP00842	00021	00120	1	86	86
P12506	DP00842	00009	00120	1	86	86
P12506	DP00842	00021	00120	1	86	86
Q980M2	DP00856	00002	00120	68	79	165
Q9L9I0	DP00861	00015	00130	123	151	151
Q6P3W2	DP00865	00002	00120	77	92	149
Q9NHC3	DP00868	00002	00130	102	117	279
H0W0T5	DP00870	00033	00085	364	565	565
P14340	DP00876	00035	00120	1	21	3391
P9WHN5	DP00877	00002	00130	51	64	64
P9WHN5	DP00877	00008	00130	21	51	64
G8HXD9	DP00878	00018	00120	28	56	56
Q9DDG2	DP00885	00002	00120	129	147	147
P08240	DP00893	00009	00130	130	176	638
P08240	DP00893	00009	00108	130	175	638
P10121	DP00896	00002	00120	1	187	497
P10121	DP00896	00002	00130	1	187	497
Q57565	DP00897	00008	00130	303	318	451
Q57565	DP00897	00008	00130	345	364	451
Q57565	DP00897	00008	00130	430	451	451
P44654	DP00899	00009	00130	28	62	150
P44654	DP00899	00009	00130	131	150	150
O75496	DP00901	00018	00130	70	91	209
I7MK25	DP00914	00008	00130	1	17	193
Q8GY31	DP00916	00015	00120	130	146	146
P21583	DP00917	00002	00130	127	141	273
P21583	DP00917	00002	00130	92	103	273
C6KEI3	DP00919	00002	00130	152	180	208
P67966	DP00922	00002	00120	67	115	192
J8TM36	DP00925	00002	00096	236	249	277
Q9BQB4	DP00926	00018	00120	110	133	213
P62552	DP00928	00014	1088	37	72	72
P62552	DP00928	00020	0045	37	72	72
P61925	DP00934	00018	00130	53	76	76
P31087	DP00935	00009	00120	47	58	81
P31087	DP00935	00009	00120	68	80	81
Q12972	DP00937	00018	00120	144	225	351
Q12972	DP00937	00018	00130	185	198	351
P04859	DP00939	00002	00120	474	516	568
P04859	DP00939	00002	00120	474	515	568
P04859	DP00939	00002	00120	474	515	568
O35274	DP00943	00002	00120	584	602	817
P59595	DP00948	00002	00120	182	247	422
P59595	DP00948	00008	0363	182	247	422
P59595	DP00948	00008	0018	184	196	422
P59595	DP00948	00025	0113	175	179	422
P59595	DP00948	00017	0413	366	422	422
P59595	DP00948	00017	0413	182	247	422
P59595	DP00948	00017	0413	1	44	422
P59595	DP00948	00017	0018	161	210	422
P59595	DP00948	00017	0107	161	210	422
P59595	DP00948	00008	00087	343	402	422
P59595	DP00948	00008	0030	343	402	422
P59595	DP00948	00017	0413	363	382	422
Q9HAU5	DP00949	00009	00120	1105	1129	1272
Q9HAU5	DP00949	00009	00120	1167	1207	1272
Q9H832	DP00953	00008	00130	1	99	354
Q9YGY0	DP00954	00002	00130	435	465	842
Q63K18	DP00956	00008	00120	10	28	89
P46984	DP00958	00009	00130	2	21	123
P46984	DP00958	00009	00130	65	113	123
Q60795	DP00968	00017	00120	1	98	597
Q02548	DP00969	00009	00130	1	18	391
P0ABD8	DP00970	00009	00130	1	77	156
Q86FP9	DP00975	00018	00130	50	73	79
P04578	DP00976	00017	00130	127	196	856
P04578	DP00976	00017	00130	297	331	856
Q86FP8	DP00977	00018	00096	20	80	80
P35961	DP00978	00017	00130	127	193	843
P35961	DP00978	00017	00123	33	498	843
P35961	DP00978	00017	00113	33	498	843
P36595	DP00980	00006	00130	60	142	142
Q87WW0	DP00985	00001	00130	217	305	305
P0AAC0	DP00991	00001	00130	269	282	316
P27356	DP00992	00017	00120	1	35	138
Q9I332	DP00993	00002	00120	1	253	369
Q9I332	DP00993	00011	00120	20	40	369
P01097	DP00995	00018	00096	28	50	85
Q9WZ73	DP00996	00017	00130	38	48	141
Q9WZ73	DP00996	00017	00130	109	141	141
Q9KJ82	DP01004	00019	00120	1	32	76
P68390	DP01011	00018	00130	1	65	185
P27392	DP01012	00002	00130	57	93	117
P68927	DP01013	00017	00120	51	72	72
O94742	DP01014	00009	00130	1	89	89
O94742	DP01014	00009	00120	1	89	89
Q20MD5	DP01016	00018	00120	1	21	96
Q6URW6	DP01022	00009	00096	1954	2000	2000
Q01101	DP01023	00008	00130	1	20	510
P27708	DP01024	00017	00130	1994	2003	2225
P27708	DP01024	00017	00130	2148	2163	2225
A5YV76	DP01026	00001	00101	2188	2212	2512
Q51912	DP01030	00009	00120	136	155	719
Q51912	DP01030	00009	00096	136	155	719
Q91006	DP01033	00009	00096	1	92	359
Q91006	DP01033	00009	00120	1	92	359
Q91006	DP01033	00009	00120	24	35	359
P73124	DP01034	00008	00112	1	65	65
P73124	DP01034	00008	00087	1	65	65
P73124	DP01034	00008	00096	1	65	65
P73124	DP01034	00008	00097	1	65	65
P73124	DP01034	00008	00089	1	65	65
P73124	DP01034	00008	00104	1	65	65
P73124	DP01034	00008	00120	1	65	65
Q9S446	DP01037	00001	00120	162	174	206
Q9S446	DP01037	00001	00130	164	176	206
Q80FJ1	DP01043	00001	00120	2	31	125
Q80FJ1	DP01043	00001	00096	2	31	125
Q7DB66	DP01045	00002	00120	60	85	190
O50835	DP01047	00012	00087	56	205	354
O50835	DP01047	00012	00090	56	205	354
O50835	DP01047	00012	00096	56	205	354
Q39532	DP01048	00008	00096	224	276	408
Q39532	DP01048	00008	00087	224	276	408
P0A6X3	DP01050	00035	00098	75	102	102
Q8MWS6	DP01052	00008	00096	283	343	466
Q76LA1	DP01054	00047	00096	1	67	98
Q8GT36	DP01055	00011	00120	1	103	103
Q9NQI0	DP01065	00041	00121	1	236	724
Q9NQI0-2	DP01066	00041	00121	1	204	690
Q9UBB5	DP01068	00009	00121	238	356	411
Q6MRH6	DP01069	00008	00121	1	101	101
Q6MRH6	DP01069	00008	00096	1	101	101
P42568	DP01070	00008	00121	490	568	568
P42568	DP01070	00008	00096	490	568	568
P42568	DP01070	00008	00120	490	568	568
O23764	DP01071	00035	00096	1	422	422
Q61548	DP01073	00008	00121	623	680	901
Q7YUB9	DP01074	00035	00112	1	86	86
Q7YUB9	DP01074	00035	00096	1	86	86
P20676	DP01075	00003	00096	300	1076	1076
P20676	DP01075	00003	00112	300	1076	1076
P20676	DP01075	00003	00085	300	1076	1076
Q02629	DP01076	00012	00096	1	640	959
Q02629	DP01076	00012	00112	1	640	959
Q02629	DP01076	00012	00085	1	640	959
P14907	DP01077	00012	00096	1	603	823
P14907	DP01077	00012	00085	1	603	823
P14907	DP01077	00012	00112	1	603	823
P14907	DP01077	00012	00130	498	607	823
P40477	DP01078	00012	00096	441	881	1460
P40477	DP01078	00012	00112	441	881	1460
P40477	DP01078	00012	00085	441	881	1460
P40517	DP01079	00012	00085	1	203	327
P40517	DP01079	00012	00096	1	203	327
P40517	DP01079	00012	00112	1	203	327
Q9C1S9	DP01080	00002	00125	44	96	476
Q7X2A1	DP01082	00008	00096	1119	1165	1889
Q7X2A1	DP01082	00008	00092	1119	1165	1889
Q7X2A1	DP01082	00008	00087	1119	1165	1889
Q7X2A1	DP01082	00008	00123	1119	1165	1889
Q7TP21	DP01083	00002	00121	89	167	680
Q1K7R9	DP01084	00002	00121	111	173	610
Q9SKI4	DP01085	00002	00121	106	193	640
Q10Q08	DP01086	00002	00121	105	180	630
Q1PAB4	DP01087	00021	00096	1	101	101
Q1PAB4	DP01087	00021	00087	1	101	101
Q1PAB4	DP01087	00021	00097	1	101	101
Q1PAB4	DP01087	00021	00123	1	101	101
Q1PAB4	DP01087	00021	00125	1	101	101
Q9XES8	DP01088	00035	00096	1	89	89
Q9XES8	DP01088	00035	00112	1	89	89
B7T1D7	DP01093	00002	00130	127	137	285
B7T1D7	DP01093	00002	00130	216	250	285
Q9BP37	DP01094	00028	00096	23	52	88
Q9BP37	DP01094	00017	00096	23	52	88
Q9BP37	DP01094	00028	00096	23	52	88
Q9BP37	DP01094	00017	00096	23	52	88
Q9BP38	DP01095	00028	00096	25	54	171
Q9BP38	DP01095	00028	00120	25	54	171
P61244-2	DP01097	00017	00120	81	102	151
P61244-2	DP01097	00017	00082	81	102	151
P61244-2	DP01097	00017	00096	81	102	151
Q16222-2	DP01098	00002	00130	54	68	505
P10636-8	DP01100	00047	00100	244	369	441
P10636-8	DP01100	00047	00125	1	441	441
P10636-8	DP01100	00047	00096	1	441	441
P10636-8	DP01100	00047	00108	1	441	441
P10636-8	DP01100	00047	00096	1	441	441
P10636-8	DP01100	00047	00096	244	372	441
P10636-8	DP01100	00003	00096	1	273	441
P35637	DP01102	00042	00099	1	163	526
P35637	DP01102	00041	0363	1	526	526
Q13698	DP01103	00021	00096	665	785	1873
Q13698	DP01103	00021	00121	665	785	1873
Q13698	DP01103	00021	00096	666	791	1873
P46531	DP01104	00034	00121	1758	1888	2555
P20444	DP01105	00033	00096	606	672	672
P20444	DP01105	00033	00121	606	672	672
P16471	DP01106	00011	00125	236	598	622
P16471	DP01106	00011	00096	236	598	622
P16471	DP01106	00011	00121	236	598	622
Q13148	DP01108	00041	00120	266	414	414
P22626	DP01109	00041	00120	190	341	353
Q9UHD9	DP01110	00041	00120	450	624	624
Q13501	DP01111	00041	00120	341	386	440
D0PV95	DP01113	00041	00096	1	168	708
P16333	DP01114	00041	00120	64	105	377
P35222	DP01119	00025	00083	43	47	781
P35222	DP01119	00029	0414	17	21	781
P35222	DP01119	00028	00083	21	25	781
P35222	DP01119	00025	00083	39	43	781
P35222	DP01119	00025	00083	35	39	781
P35222	DP01119	00025	00083	31	35	781
P35222	DP01119	00025	00083	21	25	781
P35222	DP01119	00025	00083	27	31	781
P35222	DP01119	00026	00083	47	51	781
P35222	DP01119	00025	00083	62	66	781
P43403	DP01123	00025	00130	484	500	619
O14558	DP01131	00035	00085	1	56	160
P10071	DP01134	00017	00120	106	236	1580
Q6FI81	DP01137	00015	00120	173	266	312
P08008	DP01144	00017	00120	1	100	219
O34800	DP01146	00018	0107	1	56	56
O34800	DP01146	00018	0114	1	56	56
O34800	DP01146	00018	1088	1	56	56
O34800	DP01146	00018	0033	13	53	56
Q9I322	DP01147	00017	00096	1	81	81
A0A068MVV3	DP01148	00018	00120	1	65	65
P03255	DP01150	00017	00120	1	36	289
P03255	DP01150	00017	00120	1	91	289
P03259	DP01151	00017	00120	1	266	266
P9WI73	DP01153	00025	00120	1	75	750
P04908	DP01157	00026	00120	1	27	130
P04908	DP01157	00027	00120	1	27	130
P04908	DP01157	00026	00120	98	130	130
P04908	DP01157	00027	00120	98	130	130
P06899	DP01158	00026	00120	1	38	126
P06899	DP01158	00027	00120	1	38	126
P9WPI9	DP01160	00019	00120	1	81	291
O30916	DP01166	00021	00125	29	168	561
P42768	DP01171	00017	00096	201	268	502
O43516	DP01172	00035	00120	407	503	503
O43516	DP01172	00025	00120	407	503	503
Q15726	DP01173	00033	00120	20	138	138
Q15726	DP01173	00025	00120	20	138	138
Q15726	DP01173	00024	00120	20	138	138
P28235	DP01175	00024	00120	233	333	333
Q14978	DP01178	00018	00096	1	699	699
Q14978	DP01178	00025	00121	1	699	699
P56621	DP01181	00018	00130	2	30	95
P55036	DP01192	00002	00120	246	256	377
P55036	DP01192	00008	00120	328	361	377
P55036	DP01192	00008	00095	305	377	377
P55036	DP01192	00008	0107	305	377	377
P55036	DP01192	00008	0065	305	377	377
P55036	DP01192	00010	0019	305	377	377
Q15797	DP01206	00002	00130	217	267	465
Q9UMZ1	DP01228	00035	00111	1	101	101
Q9UMZ1	DP01228	00035	00123	1	101	101
Q9UMZ1	DP01228	00035	00120	1	101	101
Q9UMZ1	DP01228	00035	00097	1	101	101
Q9UMZ1	DP01228	00035	00125	1	101	101
P19634	DP01241	00025	00120	786	795	815
P19634	DP01241	00025	00096	786	795	815
P12823	DP01245	00001	00125	1	20	3388
P61073	DP01249	00012	00130	1	26	352
P49848	DP01262	00009	00128	1	216	677
Q15691	DP01271	00008	00120	250	257	268
Q15691	DP01271	00008	0363	250	257	268
P05067	DP01280	00046	00096	672	711	770
P05067	DP01280	00024	00120	697	711	770
Q9Y3E7	DP01283	00018	00130	184	199	222
Q9KMA5	DP01289	00014	0363	3	22	104
P0AE72	DP01291	00017	0413	51	82	82
P0AE72	DP01291	00018	00127	68	82	82
Q9UMX1	DP01312	00021	0045	279	360	484
P36152	DP01320	00008	00096	234	348	348
P28324	DP01329	00017	00130	94	136	431
P03709	DP01336	00002	00120	42	80	132
Q13469	DP01344	00012	00120	131	294	925
Q13469	DP01344	00025	00120	131	294	925
Q13469	DP01344	00008	00120	131	294	925
P01130	DP01396	00002	00120	163	175	860
P01130	DP01396	00012	00120	163	175	860
P06400	DP01426	00002	00085	590	635	928
P06400	DP01426	00002	00125	346	370	928
P06400	DP01426	00002	00130	346	370	928
P06400	DP01426	00002	00130	577	615	928
P06400	DP01426	00008	00127	829	873	928
Q01094	DP01427	00008	00127	200	301	437
Q09427	DP01429	00002	00128	928	1000	1582
Q09427	DP01429	00002	00128	1319	1343	1582
Q15637	DP01449	00025	00120	69	95	639
Q13188	DP01461	00002	00120	314	427	491
Q8IW19	DP01465	00002	00120	399	420	511
Q8IW19	DP01465	00035	00120	450	511	511
P06748	DP01474	00041	00123	1	130	294
P06748	DP01474	00025	00096	189	259	294
P06748	DP01474	00009	00120	1	130	294
P55980	DP01475	00002	00127	222	302	1186
P55980	DP01475	00002	00127	510	536	1186
P55980	DP01475	00008	0019	877	1186	1186
Q02413	DP01476	00009	0096	774	1049	1049
P40161	DP01485	00002	00120	43	67	455
Q01097	DP01492	00025	00085	1259	1482	1482
P09429	DP01493	00019	00096	185	214	215
Q9VMA3	DP01494	00002	00130	340	361	1117
P0AFG0	DP01496	00002	00120	117	131	181
P33328	DP01502	00008	00096	1	91	115
P08263	DP01506	00019	00130	208	222	222
Q15418	DP01508	00025	00120	696	735	735
P53378	DP01513	00025	00120	439	473	473
Q02297-10	DP01520	00015	00098	1	75	296
P04147	DP01538	00041	00096	419	502	577
Q9DBZ9	DP01541	00019	00089	1	267	737
P23443	DP01554	00019	00120	422	525	525
P23443	DP01554	00024	00120	422	525	525
Q9UMR2	DP01560	00019	00130	55	91	479
P12931	DP01570	00025	00120	1	84	536
Q8NQJ3	DP01581	00025	00120	1	40	143
P19880	DP01584	00012	00120	565	650	650
P9WJA9	DP01589	00025	00120	19	33	162
P9WJA9	DP01589	00018	00120	19	33	162
Q92945	DP01590	00035	00096	130	218	711
Q06696	DP01611	00002	00085	203	395	566
Q06696	DP01611	00011	00130	177	205	566
P20823	DP01620	00002	00130	182	200	631
P32628	DP01629	00002	00085	77	147	398
P32628	DP01629	00002	00085	185	265	398
P32628	DP01629	00002	00085	311	355	398
P84022	DP01648	00025	00120	176	211	425
P0A7K2	DP01650	00002	00120	33	43	121
Q96T88	DP01651	00025	00120	286	301	793
Q09882	DP01658	00009	00128	100	315	557
P70444	DP01661	00002	00120	41	81	195
Q8AVN9	DP01733	00002	00120	68	92	524
P05556	DP01748	00026	0068	792	796	798
P05556	DP01748	00025	00083	786	791	798
P05556	DP01748	00025	0074	783	787	798
P05556	DP01748	00025	00083	781	785	798
P05556	DP01748	00025	0074	793	797	798
P05556	DP01748	00009	0107	752	798	798
P37173	DP01760	00009	00130	38	48	567
O54928	DP01774	00025	00120	175	244	536
P53632	DP01775	00011	00085	1	160	584
Q8GYN5	DP01776	00025	00096	1	211	211
Q05917	DP01779	00025	00120	146	199	289
P98177	DP01788	00025	00120	182	204	505
P15941	DP01790	00010	00083	1183	1187	1255
P15941	DP01790	00032	00083	1183	1187	1255
Q7Q3R9	DP01832	00018	00130	56	84	103
P85800	DP01833	00018	00085	11	32	32
P85800	DP01833	00018	00130	12	28	32
Q6F3E8	DP01834	00018	00130	147	156	219
P08514	DP01841	00008	00120	989	1039	1039
P05106	DP01842	00025	00083	783	787	788
P05106	DP01842	00025	00083	777	781	788
P05106	DP01842	00025	00083	771	775	788
P05107	DP01848	00017	00127	735	769	769
P05107	DP01848	00025	0113	756	760	769
O60260	DP01849	00002	00127	378	391	465
P10686	DP01851	00019	00130	770	779	1290
P04480	DP01852	00008	00120	1	172	592
P04480	DP01852	00007	0363	1	172	592
P09012	DP01857	00002	00130	115	207	282
Q96AY2	DP01877	00002	00130	369	402	570
Q96AY2	DP01877	00017	00130	369	402	570
P0C077	DP01881	00014	00120	81	95	95
P02655	DP01883	00021	00120	40	65	101
Q2YHF0	DP01931	00002	00130	1644	1654	3387
P07986	DP01933	00002	00120	357	376	484
Q9RJY2	DP01934	00002	00120	235	264	364
P13693	DP01972	00017	00130	42	61	172
Q07009	DP01996	00002	00130	527	536	700
Q8K4J6	DP01999	00008	00096	67	98	964
Q8K4J6	DP01999	00008	00096	111	142	964
Q8K4J6	DP01999	00008	00096	155	186	964
P17405	DP02027	00002	00130	170	197	631
Q00944	DP02120	00021	00130	573	584	1053
P63159	DP02138	00002	00120	73	99	215
P63159	DP02138	00002	00120	165	184	215
P63159	DP02138	00002	00125	165	184	215
P32337	DP02144	00002	00130	80	90	1089
P21734	DP02193	00002	00120	150	172	215
P24385	DP02226	00017	00130	1	24	295
P13848	DP02261	00009	00086	79	97	98
P13848	DP02261	00009	00130	83	98	98
P42226	DP02262	00002	00120	790	799	847
P32120	DP02263	00008	00130	385	394	420
P04486	DP02291	00008	00120	456	490	490
Q96PU5	DP02292	00002	00120	400	480	975
Q05471	DP02295	00008	00130	599	627	1514
Q71UI9	DP02301	00008	00130	39	48	128
P53865	DP02324	00001	00130	572	581	581
Q05776	DP02326	00019	00120	62	71	175
Q00169	DP02327	00024	00129	119	190	270
Q00169	DP02327	00019	00130	119	190	270
P13861	DP02333	00002	00128	44	90	404
O46385	DP02337	00008	0416	1	342	2194
O60701	DP02338	00001	00130	465	494	494
A0A178W0D3	DP02341	00035	00089	221	259	259
Q92804	DP02345	00002	00120	323	354	592
Q92804	DP02345	00021	0240	1	198	592
Q88MI5	DP02372	00021	0074	1	22	92
Q88MI5	DP02372	00001	0363	1	22	92
Q88MI5	DP02372	00038	0413	1	22	92
Q88MI5	DP02372	00038	0010	1	22	92
Q9NQS7	DP02390	00025	0427	892	896	918
Q9NQS7	DP02390	00021	0096	883	903	918
O88513	DP02412	00018	0065	79	89	206
P14653	DP02414	00002	00130	187	206	301
O35625	DP02456	00017	0065	19	30	863
Q12476	DP02464	00002	00130	147	159	344
Q12476	DP02464	00012	00130	147	159	344
Q86UE8	DP02475	00011	00127	191	391	772
P36106	DP02476	00002	00127	134	232	594
P36106	DP02476	00002	00127	366	447	594
Q01970	DP02477	00002	00127	471	572	1234
Q01970	DP02477	00002	00127	883	933	1234
Q01970	DP02477	00021	00127	883	933	1234
Q01970	DP02477	00008	00127	934	1192	1234
Q01970	DP02477	00008	00128	934	1192	1234
P46674	DP02481	00012	00130	720	805	1301
P46674	DP02481	00002	00130	551	719	1301
P46674	DP02481	00009	00130	720	805	1301
P22473	DP02487	00008	00127	289	300	506
D1A4G7	DP02490	00010	00127	200	413	1315
P56926	DP02496	00017	0414	633	852	852
P02640	DP02511	00002	00120	723	763	826
Q01080	DP02519	00017	00128	115	415	415
A5HC98	DP02521	00002	00128	185	270	2263
A5HC98	DP02521	00017	00127	950	959	2263
Q9UKL0	DP02523	00017	0045	1	485	485
P18564	DP02530	00021	0113	1	788	788
P07948	DP02545	00017	00120	1	62	512
P10081	DP02562	00002	00127	223	233	395
P04616	DP02568	00010	0413	74	83	116
F1RAX4	DP02583	00002	00128	575	597	670
F1RAX4	DP02583	00012	00128	585	591	670
P35916	DP02600	00002	00130	470	483	1363
P02533	DP02605	00002	00130	295	331	472
Q96PY5	DP02609	00002	00130	150	204	1086
Q96PY5	DP02609	00025	00130	169	173	1086
Q8K368	DP02613	00025	00130	554	563	1330
Q8K368	DP02613	00017	00127	554	563	1330
P42003	DP02623	00002	00130	215	256	455
P31321	DP02632	00002	00130	59	81	381
P31321	DP02632	00018	00130	59	81	381
Q9ERE3	DP02635	00002	00130	126	160	496
Q9ERE3	DP02635	00008	00123	126	160	496
Q9ERE3	DP02635	00011	00123	126	160	496
O88393	DP02636	00002	00130	730	744	850
P61765	DP02653	00009	00095	295	358	594
P11926	DP02673	00017	0019	422	461	461
F4JL28	DP02690	00018	0033	200	234	234
P18615	DP02713	00010	00128	139	363	380
Q13526	DP02727	00002	00130	39	50	163
P07355	DP02735	00025	0427	22	26	339
P07355	DP02735	00017	1232	2	33	339
P07355	DP02735	00017	00093	2	33	339
Q14118	DP02765	00002	00130	163	179	895
P0DTC2	DP02772	00017	0363	680	685	1273
P0DTC2	DP02772	00010	00083	681	686	1273
P0DTC2	DP02772	00010	00083	437	508	1273
P0DTC2	DP02772	00033	00083	681	686	1273
P0DTC2	DP02772	00028	0427	16	21	1273
P0DTC2	DP02772	00028	0427	330	335	1273
P0DTC2	DP02772	00028	0427	73	78	1273
P0DTC2	DP02772	00028	0427	148	153	1273
P0DTC2	DP02772	00028	0427	1157	1162	1273
P0DTC2	DP02772	00028	0427	1172	1177	1273
P0DTC2	DP02772	00028	0427	1194	1198	1273
O08908	DP02791	00002	00130	423	440	722
O08908	DP02791	00002	00130	576	607	722
O08908	DP02791	00025	00130	576	607	722
P63028	DP02800	00017	00127	39	66	172
Q91YD9	DP02830	00002	00127	419	428	501
Q13164	DP02831	00010	0363	1	46	816
Q99P68	DP02853	00028	0068	26	30	211
Q99P68	DP02853	00028	0068	148	152	211
Q9BYF1	DP02854	00025	0068	779	783	805
P18206-2	DP02858	00012	00120	857	879	1066
P18206-2	DP02858	00017	00120	857	879	1066
P18206-2	DP02858	00017	00127	857	879	1066
P18206-2	DP02858	00017	0065	857	879	1066
P08670	DP02862	00008	00127	99	144	466
P62558	DP02863	00008	00127	275	323	323
Q8XAD5	DP02878	00002	00120	29	41	63
Q8XAD5	DP02878	00017	00127	15	34	63
Q8XAD5	DP02878	00017	00127	42	61	63
Q8XAD5	DP02878	00009	00127	1	12	63
P59594	DP02879	00033	00128	661	673	1255
P59594	DP02879	00033	00085	661	673	1255
Q09428	DP02881	00002	00128	621	676	1581
Q5QGG3	DP02886	00017	00127	87	106	263
Q3UND0	DP02892	00002	00127	65	105	358
Q90VU7	DP02897	00017	00128	160	165	206
P23873	DP02899	00033	0074	73	88	88
P0A968	DP02900	00033	00085	1	74	74
J7QA90	DP02901	00014	1088	44	88	88
P0DTD1	DP02925	00002	00128	129	147	7096
P0DTD1	DP02925	00002	00128	129	148	7096
P0DTD1	DP02925	00017	0113	1	127	7096
Q9Y6I3	DP02930	00013	00120	1	18	576
Q9Y6I3	DP02930	00013	0027	1	18	576
Q2VL32	DP02946	00002	00085	278	314	513
Q2VL32	DP02946	00010	00086	278	314	513
O25555	DP02949	00018	1088	96	125	125
P0C079	DP02950	00018	1088	52	79	79
P0C079	DP02950	00018	00120	47	79	79
P00880	DP02960	00017	00128	410	472	472
P00880	DP02960	00017	0045	461	466	472
P00880	DP02960	00017	0065	460	470	472
Q9SN68	DP02962	00013	00127	32	44	200
M0Y2D5	DP02964	00017	0573	172	355	355
M0Y2D5	DP02964	00017	0573	172	250	355
F6IAY2	DP02965	00017	0573	250	346	346
F6IAY2	DP02965	00021	0573	177	346	346
F6IAY2	DP02965	00017	00096	177	346	346
F6IAY2	DP02965	00017	00099	177	346	346
Q9SU24	DP02966	00002	00127	216	234	813
Q05193	DP02976	00002	00127	500	517	864
Q05193	DP02976	00002	00127	632	652	864
P0DTC3	DP03003	00010	0416	1	41	275
P0DTC3	DP03003	00021	0074	36	40	275
P43528	DP03023	00008	00127	251	263	263
P43528	DP03023	00011	0102	258	263	263
Q81AN8	DP03027	00002	00120	319	329	412
Q81AN8	DP03027	00002	00085	319	329	412
Q48245	DP03034	00002	00085	339	350	1287
A0A0E3K9N8	DP03055	00017	00101	50	54	54
A0A0E3K9N8	DP03055	00022	00094	50	54	54
A0A0E3K9N8	DP03055	00022	00102	50	54	54
